customerid,customername,total_lifetime_spend,order_frequency,customer_segment
SM-20320,"Sean Miller",25043.05,5,"Platinum Tier"
TC-20980,"Tamara Chand",19017.85,5,"Platinum Tier"
RB-19360,"Raymond Buch",15117.34,6,"Platinum Tier"
TA-21385,"Tom Ashbrook",14595.62,4,"Platinum Tier"
AB-10105,"Adrian Barton",14355.61,9,"Platinum Tier"
SC-20095,"Sanjit Chand",14142.33,9,"Platinum Tier"
KL-16645,"Ken Lonsdale",14071.92,10,"Platinum Tier"
HL-15040,"Hunter Lopez",12873.3,6,"Platinum Tier"
SE-20110,"Sanjit Engle",12209.44,11,"Platinum Tier"
CC-12370,"Christopher Conant",12129.07,5,"Platinum Tier"
TS-21370,"Todd Sumrall",11885.87,6,"Platinum Tier"
GT-14710,"Greg Tran",11820.12,11,"Platinum Tier"
BM-11140,"Becky Martin",11609.9,4,"Platinum Tier"
SV-20365,"Seth Vernon",11420.65,10,"Platinum Tier"
CJ-12010,"Caroline Jumper",11079.74,8,"Platinum Tier"
CL-12565,"Clay Ludtke",10880.55,12,"Platinum Tier"
ME-17320,"Maria Etezadi",10635.92,10,"Platinum Tier"
KF-16285,"Karen Ferguson",10604.27,7,"Platinum Tier"
BS-11365,"Bill Shonely",10501.65,5,"Platinum Tier"
EH-13765,"Edward Hooks",10005.98,12,"Platinum Tier"
JL-15835,"John Lee",9403,11,"Platinum Tier"
GT-14635,"Grant Thornton",9351.21,3,"Platinum Tier"
HW-14935,"Helen Wasserman",9300.25,8,"Platinum Tier"
TB-21400,"Tom Boeckenhauer",9012.74,7,"Platinum Tier"
PF-19120,"Peter Fuller",8980.5,4,"Platinum Tier"
CM-12385,"Christopher Martinez",8954.02,4,"Platinum Tier"
JD-16150,"Justin Deggeller",8828.03,8,"Platinum Tier"
JE-15715,"Joe Elijah",8672.16,10,"Platinum Tier"
LA-16780,"Laura Armstrong",8631.52,11,"Platinum Tier"
DR-12940,"Daniel Raglin",8350.87,8,"Platinum Tier"
NF-18385,"Natalie Fritzler",8322.83,7,"Platinum Tier"
KD-16270,"Karen Daniels",8282.36,5,"Platinum Tier"
NC-18535,"Nick Crebassa",8241.74,7,"Platinum Tier"
KD-16495,"Keith Dawkins",8181.26,12,"Platinum Tier"
PK-19075,"Pete Kriz",8158.65,12,"Platinum Tier"
HM-14860,"Harry Marie",8148.84,10,"Platinum Tier"
SB-20290,"Sean Braxton",8057.89,7,"Platinum Tier"
ZC-21910,"Zuschuss Carroll",8021.14,12,"Platinum Tier"
JH-15985,"Joseph Holt",7955,6,"Platinum Tier"
NP-18700,"Nora Preis",7903.18,7,"Platinum Tier"
AH-10690,"Anna Haberlin",7888.29,12,"Platinum Tier"
JE-15610,"Jim Epp",7754.98,7,"Platinum Tier"
AB-10060,"Adam Bellavance",7732.67,7,"Platinum Tier"
JW-15220,"Jane Waco",7721.71,6,"Platinum Tier"
JM-15865,"John Murray",7625.08,7,"Platinum Tier"
RW-19540,"Rick Wilson",7397.4,7,"Platinum Tier"
LC-16885,"Lena Creighton",7396.77,12,"Platinum Tier"
PO-18850,"Patrick O'Brill",7367.33,10,"Platinum Tier"
BM-11650,"Brian Moss",7283.82,11,"Platinum Tier"
NW-18400,"Natalie Webber",7234.01,7,"Platinum Tier"
Dp-13240,"Dean percer",7198.76,11,"Platinum Tier"
PP-18955,"Paul Prost",7075.92,10,"Platinum Tier"
RH-19510,"Rick Huthwaite",6962.14,6,"Platinum Tier"
MS-17365,"Maribeth Schnelling",6848.31,10,"Platinum Tier"
PS-19045,"Penelope Sewall",6843.63,7,"Platinum Tier"
BB-11545,"Brenda Bowman",6765.73,9,"Platinum Tier"
FH-14365,"Fred Hopkins",6683.66,7,"Platinum Tier"
YS-21880,"Yana Sorensen",6654.5,8,"Platinum Tier"
AR-10540,"Andy Reiter",6608.45,6,"Platinum Tier"
GK-14620,"Grace Kelly",6497.27,9,"Platinum Tier"
JA-15970,"Joseph Airdo",6475.47,8,"Platinum Tier"
NM-18445,"Nathan Mautz",6459.34,7,"Platinum Tier"
JD-15895,"Jonathan Doherty",6456.46,11,"Platinum Tier"
SB-20185,"Sarah Brown",6411,6,"Platinum Tier"
JE-15745,"Joel Eaton",6400.45,12,"Platinum Tier"
JG-15160,"James Galang",6366.39,11,"Platinum Tier"
CM-12655,"Corinna Mitchell",6339.56,6,"Platinum Tier"
VD-21670,"Valerie Dominguez",6283.35,6,"Platinum Tier"
MJ-17740,"Max Jones",6282.23,7,"Platinum Tier"
BH-11710,"Brosina Hoffman",6255.35,8,"Platinum Tier"
DM-13015,"Darrin Martin",6247.37,6,"Platinum Tier"
DR-12880,"Dan Reichenbach",6247.21,9,"Platinum Tier"
RL-19615,"Rob Lucas",6234.91,8,"Platinum Tier"
VW-21775,"Victoria Wilson",6112.7,9,"Platinum Tier"
AD-10180,"Alan Dominguez",6101,7,"Platinum Tier"
GM-14695,"Greg Maxwell",6049.97,3,"Platinum Tier"
CB-12025,"Cassandra Brandow",6028.23,10,"Platinum Tier"
WB-21850,"William Brown",6024.81,11,"Platinum Tier"
RM-19675,"Robert Marley",5967.74,5,"Platinum Tier"
KH-16510,"Keith Herrera",5952.86,7,"Platinum Tier"
SD-20485,"Shirley Daniels",5920.26,9,"Platinum Tier"
BF-11170,"Ben Ferrer",5907.97,11,"Platinum Tier"
SC-20380,"Shahid Collister",5894.18,9,"Platinum Tier"
CP-12340,"Christine Phan",5888.28,8,"Platinum Tier"
KH-16690,"Kristen Hastings",5867.86,7,"Platinum Tier"
CS-12505,"Cindy Stewart",5690.06,6,"Platinum Tier"
BD-11320,"Bill Donatelli",5672.17,11,"Platinum Tier"
AM-10705,"Anne McFarland",5653.86,8,"Platinum Tier"
RB-19795,"Ross Baird",5633.32,8,"Platinum Tier"
KM-16375,"Katherine Murray",5609.75,7,"Platinum Tier"
AA-10315,"Alex Avila",5563.56,5,"Platinum Tier"
SM-20950,"Suzanne McNair",5563.39,12,"Platinum Tier"
NP-18325,"Naresj Patel",5529.62,6,"Platinum Tier"
AC-10450,"Amy Cox",5527.85,7,"Platinum Tier"
MH-18115,"Mick Hernandez",5503.09,9,"Platinum Tier"
DP-13390,"Dennis Pardue",5480.72,9,"Platinum Tier"
EP-13915,"Emily Phan",5478.06,17,"Platinum Tier"
YC-21895,"Yoseph Carroll",5454.35,5,"Platinum Tier"
SP-20620,"Stefania Perrino",5440.32,9,"Platinum Tier"
LW-17215,"Luke Weiss",5420.51,7,"Platinum Tier"
TS-21205,"Thomas Seio",5371.09,7,"Platinum Tier"
TT-21460,"Tonja Turnell",5364.81,7,"Platinum Tier"
MW-18220,"Mitch Webber",5341.9,7,"Platinum Tier"
TP-21415,"Tom Prescott",5329,5,"Platinum Tier"
DW-13480,"Dianna Wilson",5256.85,4,"Platinum Tier"
MW-18235,"Mitch Willingham",5253.88,2,"Platinum Tier"
HR-14830,"Harold Ryan",5248.79,7,"Platinum Tier"
SC-20725,"Steven Cartwright",5226.21,11,"Platinum Tier"
TW-21025,"Tamara Willingham",5164.63,7,"Platinum Tier"
CP-12085,"Cathy Prescott",5164.1,7,"Platinum Tier"
LR-16915,"Lena Radford",5142.89,6,"Platinum Tier"
RP-19390,"Resi Polking",5142.14,11,"Platinum Tier"
MP-18175,"Mike Pelletier",5087.92,9,"Platinum Tier"
IL-15100,"Ivan Liston",5040.74,7,"Platinum Tier"
LB-16795,"Laurel Beltran",4985.68,8,"Gold Tier"
DH-13075,"Dave Hallsten",4932.87,6,"Gold Tier"
IM-15070,"Irene Maddox",4930.47,7,"Gold Tier"
TT-21070,"Ted Trevino",4915.6,7,"Gold Tier"
KM-16720,"Kunst Miller",4909.47,8,"Gold Tier"
PO-19180,"Philisse Overcash",4893.04,9,"Gold Tier"
HK-14890,"Heather Kirkland",4877.78,8,"Gold Tier"
AJ-10780,"Anthony Jacobs",4867.34,7,"Gold Tier"
AH-10210,"Alan Hwang",4805.34,9,"Gold Tier"
RA-19915,"Russell Applegate",4781.37,9,"Gold Tier"
JK-15730,"Joe Kamberova",4769.9,9,"Gold Tier"
JK-15640,"Jim Kriz",4752.44,9,"Gold Tier"
BW-11110,"Bart Watters",4750.36,8,"Gold Tier"
TB-21520,"Tracy Blumstein",4730.63,9,"Gold Tier"
SA-20830,"Sue Ann Reed",4708.53,10,"Gold Tier"
ES-14080,"Erin Smith",4648.52,9,"Gold Tier"
KT-16480,"Kean Thornton",4642.09,10,"Gold Tier"
SC-20050,"Sample Company A",4624.57,9,"Gold Tier"
DB-13270,"Deborah Brumfield",4621.66,8,"Gold Tier"
GB-14575,"Giulietta Baptist",4594.33,5,"Gold Tier"
RB-19465,"Rick Bensley",4556.57,12,"Gold Tier"
AR-10825,"Anthony Rawles",4523.34,8,"Gold Tier"
AG-10900,"Arthur Gainer",4510.8,10,"Gold Tier"
SC-20770,"Stewart Carmichael",4492.66,7,"Gold Tier"
KL-16555,"Kelly Lampkin",4483.78,8,"Gold Tier"
LC-16930,"Linda Cazamias",4481.16,8,"Gold Tier"
AA-10645,"Anna Andreadi",4455.89,6,"Gold Tier"
TP-21130,"Theone Pippenger",4454.06,9,"Gold Tier"
EM-14140,"Eugene Moren",4438.33,5,"Gold Tier"
MC-17425,"Mark Cousins",4432.14,5,"Gold Tier"
KW-16435,"Katrina Willman",4416.52,5,"Gold Tier"
BD-11500,"Bradley Drucker",4408.3,6,"Gold Tier"
AJ-10795,"Anthony Johnson",4391.49,6,"Gold Tier"
AI-10855,"Arianne Irving",4375.79,10,"Gold Tier"
SC-20230,"Scot Coram",4371.96,4,"Gold Tier"
GZ-14470,"Gary Zandusky",4355.15,9,"Gold Tier"
SR-20740,"Steven Roelle",4345.89,8,"Gold Tier"
EB-13840,"Ellis Ballard",4344.51,4,"Gold Tier"
ND-18370,"Natalie DeCherney",4281.39,9,"Gold Tier"
MA-17560,"Matt Abelman",4280.62,11,"Gold Tier"
JK-15205,"Jamie Kunitz",4278.17,5,"Gold Tier"
DB-13060,"Dave Brooks",4265.29,7,"Gold Tier"
TC-21295,"Toby Carlisle",4261.85,8,"Gold Tier"
AS-10225,"Alan Schoenberger",4249,5,"Gold Tier"
TH-21550,"Tracy Hopkins",4229.56,7,"Gold Tier"
BE-11335,"Bill Eplett",4204.68,5,"Gold Tier"
JF-15565,"Jill Fjeld",4198.33,8,"Gold Tier"
FH-14275,"Frank Hawley",4190.7,10,"Gold Tier"
MY-18295,"Muhammed Yedwab",4134.4,11,"Gold Tier"
DK-13225,"Dean Katz",4125.84,9,"Gold Tier"
PM-19135,"Peter McVee",4115.66,4,"Gold Tier"
DM-13345,"Denise Monton",4074.47,8,"Gold Tier"
FP-14320,"Frank Preis",4046.75,8,"Gold Tier"
SP-20860,"Sung Pak",4028.59,10,"Gold Tier"
SP-20920,"Susan Pistek",3990.69,6,"Gold Tier"
CM-12715,"Craig Molinari",3984.45,4,"Gold Tier"
MP-17965,"Michael Paige",3983.64,9,"Gold Tier"
SC-20305,"Sean Christensen",3971.06,7,"Gold Tier"
DK-12895,"Dana Kaydos",3943.04,5,"Gold Tier"
LF-17185,"Luke Foster",3930.51,7,"Gold Tier"
GH-14425,"Gary Hwang",3925.74,4,"Gold Tier"
GA-14515,"George Ashbrook",3919.78,8,"Gold Tier"
KH-16630,"Ken Heidel",3918.97,9,"Gold Tier"
DB-13555,"Dorothy Badders",3908.8,7,"Gold Tier"
KC-16540,"Kelly Collister",3908.26,4,"Gold Tier"
CC-12220,"Chris Cortes",3902.52,11,"Gold Tier"
NP-18670,"Nora Paige",3896.64,5,"Gold Tier"
PW-19240,"Pierre Wener",3878.31,7,"Gold Tier"
JS-15880,"John Stevenson",3868.02,5,"Gold Tier"
FC-14335,"Fred Chung",3865.85,7,"Gold Tier"
RA-19885,"Ruben Ausman",3832.31,7,"Gold Tier"
RS-19765,"Roland Schwarz",3831.93,8,"Gold Tier"
AT-10735,"Annie Thurman",3831.86,10,"Gold Tier"
OT-18730,"Olvera Toch",3818.62,5,"Gold Tier"
RO-19780,"Rose O'Brian",3815.48,7,"Gold Tier"
MC-17845,"Michael Chen",3805.71,7,"Gold Tier"
MM-17920,"Michael Moore",3794.08,11,"Gold Tier"
CA-11965,"Carol Adams",3789.72,6,"Gold Tier"
MG-17650,"Matthew Grinstein",3785.28,7,"Gold Tier"
SJ-20125,"Sanjit Jacobs",3777.88,12,"Gold Tier"
MD-17350,"Maribeth Dona",3766.38,7,"Gold Tier"
JK-15625,"Jim Karlsson",3760.03,7,"Gold Tier"
JK-16090,"Juliana Krohn",3747.67,3,"Gold Tier"
RD-19480,"Rick Duston",3743.03,8,"Gold Tier"
FM-14290,"Frank Merwin",3736.2,9,"Gold Tier"
SC-20260,"Scott Cohen",3729.79,8,"Gold Tier"
HG-15025,"Hunter Glantz",3690.28,7,"Gold Tier"
LP-17095,"Liz Preis",3653.4,7,"Gold Tier"
CS-12400,"Christopher Schild",3651.86,9,"Gold Tier"
RH-19495,"Rick Hansen",3621.38,5,"Gold Tier"
BP-11185,"Ben Peterman",3610.29,9,"Gold Tier"
SZ-20035,"Sam Zeldin",3592.43,11,"Gold Tier"
GM-14440,"Gary McGarr",3582.82,7,"Gold Tier"
TB-21175,"Thomas Boland",3579.02,4,"Gold Tier"
JP-15520,"Jeremy Pistek",3572.94,7,"Gold Tier"
DL-13495,"Dionis Lloyd",3539.32,8,"Gold Tier"
ES-14020,"Erica Smith",3510.46,5,"Gold Tier"
RW-19690,"Robert Waldorf",3495.65,5,"Gold Tier"
AG-10675,"Anna Gayman",3489.04,7,"Gold Tier"
ED-13885,"Emily Ducich",3484.92,8,"Gold Tier"
PW-19030,"Pauline Webber",3454.92,10,"Gold Tier"
EB-13705,"Ed Braxton",3448.27,9,"Gold Tier"
SF-20200,"Sarah Foster",3422.79,9,"Gold Tier"
FC-14245,"Frank Carlisle",3414.68,7,"Gold Tier"
SG-20080,"Sandra Glassco",3406.58,3,"Gold Tier"
SV-20785,"Stewart Visinsky",3390.1,8,"Gold Tier"
BS-11380,"Bill Stewart",3379.13,5,"Gold Tier"
TS-21655,"Trudy Schmidt",3368.09,5,"Gold Tier"
SC-20020,"Sam Craven",3362.96,5,"Gold Tier"
DJ-13630,"Doug Jacobs",3356.4,3,"Gold Tier"
DC-12850,"Dan Campbell",3336.17,9,"Gold Tier"
AP-10915,"Arthur Prichep",3323.56,10,"Gold Tier"
DK-13375,"Dennis Kane",3318.49,8,"Gold Tier"
KH-16330,"Katharine Harms",3312.86,8,"Gold Tier"
RF-19345,"Randy Ferguson",3309.15,8,"Gold Tier"
SF-20965,"Sylvia Foulston",3306.87,9,"Gold Tier"
RR-19525,"Rick Reed",3302.26,6,"Gold Tier"
BD-11605,"Brian Dahlen",3288.47,7,"Gold Tier"
BS-11665,"Brian Stugart",3288.11,3,"Gold Tier"
DV-13465,"Dianna Vittorini",3285.99,6,"Gold Tier"
RW-19630,"Rob Williams",3273.65,9,"Gold Tier"
DL-12925,"Daniel Lacy",3272.2,6,"Gold Tier"
AS-10090,"Adam Shillingsburg",3255.31,9,"Gold Tier"
JO-15145,"Jack O'Briant",3254.95,9,"Gold Tier"
DK-12835,"Damala Kotsonis",3253.53,12,"Gold Tier"
AH-10075,"Adam Hart",3250.34,10,"Gold Tier"
LC-16960,"Lindsay Castell",3246.63,4,"Gold Tier"
CT-11995,"Carol Triggs",3241.9,8,"Gold Tier"
SR-20425,"Sharelle Roach",3233.48,5,"Gold Tier"
LW-16990,"Lindsay Williams",3230.31,6,"Gold Tier"
RS-19420,"Ricardo Sperren",3221.29,5,"Gold Tier"
AS-10285,"Alejandro Savely",3212.27,6,"Gold Tier"
MP-17470,"Mark Packer",3206.13,7,"Gold Tier"
CS-12355,"Christine Sundaresam",3202.16,11,"Gold Tier"
BT-11680,"Brian Thompson",3196.75,7,"Gold Tier"
DG-13300,"Deirdre Greer",3195.82,5,"Gold Tier"
VP-21760,"Victoria Pisteka",3193.61,6,"Gold Tier"
HG-14965,"Henry Goldwyn",3184.17,11,"Gold Tier"
EB-13750,"Edward Becker",3166.88,9,"Gold Tier"
GM-14680,"Greg Matthias",3163.63,6,"Gold Tier"
CK-12205,"Chloris Kastensmidt",3154.86,13,"Gold Tier"
KB-16240,"Karen Bern",3152.62,7,"Gold Tier"
JM-15250,"Janet Martin",3145.37,6,"Gold Tier"
JL-15505,"Jeremy Lonsdale",3142.75,6,"Gold Tier"
MS-17770,"Maxwell Schwartz",3138.58,9,"Gold Tier"
RD-19900,"Ruben Dartt",3133.92,9,"Gold Tier"
TN-21040,"Tanja Norvell",3130.22,7,"Gold Tier"
SN-20710,"Steve Nguyen",3127.96,7,"Gold Tier"
SG-20605,"Speros Goranitis",3116.98,6,"Gold Tier"
KH-16360,"Katherine Hughes",3100.61,6,"Gold Tier"
PG-18820,"Patrick Gardner",3086.91,13,"Gold Tier"
GM-14455,"Gary Mitchum",3078.62,6,"Gold Tier"
EB-14110,"Eugene Barchas",3071.13,6,"Gold Tier"
TG-21310,"Toby Gnade",3058.37,5,"Gold Tier"
KT-16465,"Kean Takahito",3057.1,7,"Gold Tier"
SS-20410,"Shahid Shariari",3056.81,6,"Gold Tier"
SL-20155,"Sara Luxemburg",3053.01,7,"Gold Tier"
CA-12775,"Cynthia Arntzen",3041.57,7,"Gold Tier"
AS-10045,"Aaron Smayling",3035.03,7,"Gold Tier"
CS-11950,"Carlos Soltero",3027.75,11,"Gold Tier"
EH-14125,"Eugene Hildebrand",3013.15,10,"Gold Tier"
LS-16975,"Lindsay Shagiari",2988.67,9,"Gold Tier"
MH-18025,"Michelle Huthwaite",2984.95,5,"Gold Tier"
FA-14230,"Frank Atkinson",2984.05,7,"Gold Tier"
NS-18640,"Noel Staavos",2964.82,13,"Gold Tier"
TM-21010,"Tamara Manning",2953.99,8,"Gold Tier"
TH-21115,"Thea Hudgings",2942.77,4,"Gold Tier"
CK-12325,"Christine Kargatis",2939.61,5,"Gold Tier"
LT-17110,"Liz Thompson",2936.25,8,"Gold Tier"
BC-11125,"Becky Castell",2933.68,9,"Gold Tier"
JK-16120,"Julie Kriz",2932.48,10,"Gold Tier"
DB-13120,"David Bremer",2931.72,7,"Gold Tier"
SW-20455,"Shaun Weien",2921.54,7,"Gold Tier"
ML-17410,"Maris LaWare",2921.5,6,"Gold Tier"
RD-19585,"Rob Dowd",2912.89,10,"Gold Tier"
CY-12745,"Craig Yedwab",2900.03,8,"Gold Tier"
ND-18460,"Neil Ducich",2893.46,6,"Gold Tier"
MG-18145,"Mike Gockenbach",2890.59,3,"Gold Tier"
MT-17815,"Meg Tillman",2890.14,6,"Gold Tier"
DS-13180,"David Smith",2881.81,9,"Gold Tier"
PV-18985,"Paul Van Hugh",2876.05,5,"Gold Tier"
CC-12430,"Chuck Clark",2870.05,10,"Gold Tier"
BF-11020,"Barry Franzosisch",2865.79,7,"Gold Tier"
CC-12685,"Craig Carroll",2854.12,4,"Gold Tier"
AW-10930,"Arthur Wiediger",2851.44,7,"Gold Tier"
IM-15055,"Ionia McGrath",2848.36,3,"Gold Tier"
LS-16945,"Linda Southworth",2845.27,6,"Gold Tier"
DB-12970,"Darren Budd",2839.23,5,"Gold Tier"
JM-16195,"Justin MacKendrick",2833.93,10,"Gold Tier"
CV-12295,"Christina VanderZanden",2830.63,5,"Gold Tier"
GH-14410,"Gary Hansen",2807.71,9,"Gold Tier"
TS-21610,"Troy Staebel",2801.88,7,"Gold Tier"
BG-11035,"Barry Gonzalez",2798.95,8,"Gold Tier"
TB-21625,"Trudy Brown",2797.67,9,"Gold Tier"
RD-19660,"Robert Dilbeck",2786.63,5,"Gold Tier"
SH-19975,"Sally Hughsby",2774.24,13,"Gold Tier"
JC-15775,"John Castell",2772.06,9,"Gold Tier"
PF-19165,"Philip Fox",2770,6,"Gold Tier"
EB-13870,"Emily Burns",2767.22,10,"Gold Tier"
MM-18055,"Michelle Moray",2749.88,8,"Gold Tier"
KB-16585,"Ken Black",2742.76,12,"Gold Tier"
LL-16840,"Lauren Leatherbury",2741.2,6,"Gold Tier"
JL-15850,"John Lucas",2725.26,6,"Gold Tier"
MC-17275,"Marc Crier",2723.04,8,"Gold Tier"
ML-17395,"Marina Lichtenstein",2722.84,9,"Gold Tier"
JK-15370,"Jay Kimmel",2709.63,8,"Gold Tier"
JE-16165,"Justin Ellison",2697.25,3,"Gold Tier"
CS-12250,"Chris Selesnick",2696.8,11,"Gold Tier"
BT-11530,"Bradley Talbott",2684.49,5,"Gold Tier"
NH-18610,"Nicole Hansen",2673.29,7,"Gold Tier"
RB-19435,"Richard Bierner",2663.09,8,"Gold Tier"
EA-14035,"Erin Ashbrook",2660.82,13,"Gold Tier"
EJ-14155,"Eva Jacobs",2656.69,5,"Gold Tier"
DK-13090,"Dave Kipp",2650.56,7,"Gold Tier"
CA-12265,"Christina Anderson",2648.29,9,"Gold Tier"
FO-14305,"Frank Olsen",2622.84,10,"Gold Tier"
KN-16390,"Katherine Nockton",2617.27,9,"Gold Tier"
RA-19285,"Ralph Arnett",2606.08,9,"Gold Tier"
LC-17140,"Logan Currie",2605.11,8,"Gold Tier"
SO-20335,"Sean O'Donnell",2602.58,6,"Gold Tier"
SU-20665,"Stephanie Ulpright",2595.36,7,"Gold Tier"
BO-11350,"Bill Overfelt",2586.08,5,"Gold Tier"
HA-14920,"Helen Andreada",2584.16,8,"Gold Tier"
SC-20695,"Steve Chapman",2576.41,10,"Gold Tier"
NS-18505,"Neola Schneider",2575.86,4,"Gold Tier"
BT-11305,"Beth Thompson",2567.66,5,"Gold Tier"
EM-13810,"Eleni McCrary",2567.01,5,"Gold Tier"
AG-10270,"Alejandro Grove",2565.26,5,"Gold Tier"
MZ-17515,"Mary Zewe",2564.91,6,"Gold Tier"
CC-12610,"Corey Catlett",2540.63,7,"Gold Tier"
CM-12160,"Charles McCrossin",2533.31,6,"Gold Tier"
HF-14995,"Herbert Flentye",2533.16,7,"Gold Tier"
LC-16870,"Lena Cacioppo",2526.18,8,"Gold Tier"
FM-14380,"Fred McMath",2523.27,9,"Gold Tier"
JS-16030,"Joy Smith",2516.49,6,"Gold Tier"
DJ-13510,"Don Jones",2501.69,8,"Gold Tier"
AC-10615,"Ann Chong",2499.76,4,"Gold Tier"
PO-18865,"Patrick O'Donnell",2493.21,7,"Gold Tier"
BS-11755,"Bruce Stewart",2492.35,7,"Gold Tier"
NZ-18565,"Nick Zandusky",2488.31,9,"Gold Tier"
CC-12145,"Charles Crestani",2471.65,7,"Gold Tier"
MN-17935,"Michael Nguyen",2469.04,6,"Gold Tier"
NC-18340,"Nat Carroll",2461.4,5,"Gold Tier"
MH-17455,"Mark Hamilton",2456.18,8,"Gold Tier"
BS-11590,"Brendan Sweed",2454.93,6,"Gold Tier"
GZ-14545,"George Zrebassa",2454.62,4,"Gold Tier"
MA-17995,"Michelle Arnett",2453.28,6,"Gold Tier"
CB-12535,"Claudia Bergmann",2451.21,7,"Gold Tier"
TH-21100,"Thea Hendricks",2422.82,5,"Gold Tier"
AH-10465,"Amy Hunt",2406.43,4,"Gold Tier"
BP-11095,"Bart Pistole",2399.54,11,"Gold Tier"
DF-13135,"David Flashing",2390.53,3,"Gold Tier"
BP-11290,"Beth Paige",2383.8,7,"Gold Tier"
MH-17290,"Marc Harrigan",2381.73,6,"Gold Tier"
FM-14215,"Filia McAdams",2374.27,9,"Gold Tier"
CK-12595,"Clytie Kelty",2372.75,11,"Gold Tier"
JF-15415,"Jennifer Ferguson",2371.45,6,"Gold Tier"
CV-12805,"Cynthia Voltz",2370.31,9,"Gold Tier"
MC-17590,"Matt Collister",2362.51,6,"Gold Tier"
JG-15115,"Jack Garza",2358.68,3,"Gold Tier"
CL-12700,"Craig Leslie",2353.59,5,"Gold Tier"
MG-17680,"Maureen Gastineau",2350.19,4,"Gold Tier"
RF-19735,"Roland Fjeld",2341.3,7,"Gold Tier"
AG-10495,"Andrew Gjertsen",2338.68,8,"Gold Tier"
EM-13825,"Elizabeth Moffitt",2324.36,8,"Gold Tier"
XP-21865,"Xylona Preis",2320.41,10,"Gold Tier"
MK-17905,"Michael Kennedy",2302.37,8,"Gold Tier"
LH-16900,"Lena Hernandez",2295.33,9,"Gold Tier"
CM-12235,"Chris McAfee",2287.17,5,"Gold Tier"
JF-15190,"Jamie Frazer",2279.59,7,"Gold Tier"
FH-14350,"Fred Harton",2271.28,4,"Gold Tier"
CC-12670,"Craig Carreira",2269.7,7,"Gold Tier"
BE-11410,"Bobby Elias",2261.44,5,"Gold Tier"
MC-17605,"Matt Connell",2258.19,8,"Gold Tier"
JH-16180,"Justin Hirsh",2256.39,4,"Gold Tier"
KD-16615,"Ken Dana",2243.51,5,"Gold Tier"
TS-21505,"Tony Sayre",2243.27,6,"Gold Tier"
MY-17380,"Maribeth Yedwab",2242.61,7,"Gold Tier"
LW-16825,"Laurel Workman",2238.06,5,"Gold Tier"
AR-10405,"Allen Rosenblatt",2236.13,5,"Gold Tier"
NC-18415,"Nathan Cano",2218.99,6,"Gold Tier"
MC-18100,"Mick Crebagga",2218.98,10,"Gold Tier"
GG-14650,"Greg Guthrie",2216.01,9,"Gold Tier"
PF-19225,"Phillip Flathmann",2206.13,5,"Gold Tier"
DB-13210,"Dean Braden",2204.83,10,"Gold Tier"
MH-17785,"Maya Herman",2203.78,7,"Gold Tier"
JL-15235,"Janet Lee",2203.7,5,"Gold Tier"
JR-16210,"Justin Ritter",2201.69,5,"Gold Tier"
TB-21280,"Toby Braunhardt",2198.45,6,"Gold Tier"
JG-15310,"Jason Gross",2197.8,6,"Gold Tier"
GW-14605,"Giulietta Weimer",2189.02,7,"Gold Tier"
NR-18550,"Nick Radford",2184.34,4,"Gold Tier"
BT-11395,"Bill Tyler",2182.19,6,"Gold Tier"
PS-18760,"Pamela Stobb",2181.48,6,"Gold Tier"
SH-20395,"Shahid Hopkins",2180.72,10,"Gold Tier"
KN-16450,"Kean Nguyen",2171.96,5,"Gold Tier"
DB-12910,"Daniel Byrd",2171.6,8,"Gold Tier"
RP-19855,"Roy Phan",2170.72,8,"Gold Tier"
DP-13105,"Dave Poirier",2164.89,7,"Gold Tier"
HA-14905,"Helen Abelman",2163.3,7,"Gold Tier"
EJ-13720,"Ed Jacobs",2162.17,4,"Gold Tier"
JD-15790,"John Dryer",2152.35,5,"Gold Tier"
CR-12580,"Clay Rozendal",2148.85,4,"Gold Tier"
KN-16705,"Kristina Nunn",2148.03,7,"Gold Tier"
DN-13690,"Duane Noonan",2139.79,7,"Gold Tier"
EN-13780,"Edward Nazzal",2138.25,4,"Gold Tier"
KM-16225,"Kalyca Meade",2134.25,6,"Gold Tier"
NM-18520,"Neoma Murray",2123.35,8,"Gold Tier"
KC-16255,"Karen Carlisle",2103.83,5,"Gold Tier"
SH-20635,"Stefanie Holloman",2096.39,2,"Gold Tier"
RH-19600,"Rob Haberlin",2085.74,3,"Gold Tier"
TG-21640,"Trudy Glocke",2074.66,4,"Gold Tier"
ML-17755,"Max Ludwig",2071.91,7,"Gold Tier"
RB-19705,"Roger Barcio",2067.45,4,"Gold Tier"
LC-17050,"Liz Carlisle",2064.5,4,"Gold Tier"
TS-21430,"Tom Stivers",2054.14,5,"Gold Tier"
AF-10870,"Art Ferguson",2052.91,7,"Gold Tier"
CD-11920,"Carlos Daly",2033.97,5,"Gold Tier"
NF-18595,"Nicole Fjeld",2031.47,7,"Gold Tier"
DJ-13420,"Denny Joy",2012.52,4,"Gold Tier"
VB-21745,"Victoria Brennan",2005.6,6,"Gold Tier"
HP-14815,"Harold Pawlan",1990.31,7,"Silver Tier"
DB-13615,"Doug Bickford",1989.05,7,"Silver Tier"
PG-18895,"Paul Gonzalez",1987.16,9,"Silver Tier"
NB-18655,"Nona Balk",1972.6,9,"Silver Tier"
SW-20275,"Scott Williamson",1966.65,6,"Silver Tier"
LD-17005,"Lisa DeCherney",1961.93,4,"Silver Tier"
TP-21565,"Tracy Poddar",1936.64,4,"Silver Tier"
JF-15355,"Jay Fein",1911.84,6,"Silver Tier"
JO-15280,"Jas O'Carroll",1911.55,6,"Silver Tier"
ME-17725,"Max Engle",1908.45,8,"Silver Tier"
SV-20935,"Susan Vittorini",1903.49,8,"Silver Tier"
KD-16345,"Katherine Ducich",1888.96,6,"Silver Tier"
GD-14590,"Giulietta Dortch",1888.07,4,"Silver Tier"
SG-20470,"Sheri Gordon",1884.8,8,"Silver Tier"
SC-20440,"Shaun Chance",1875,7,"Silver Tier"
BG-11695,"Brooke Gillingham",1874.17,6,"Silver Tier"
NG-18355,"Nat Gilpin",1869.58,5,"Silver Tier"
CD-12790,"Cynthia Delaney",1860.73,5,"Silver Tier"
SN-20560,"Skye Norling",1860.42,6,"Silver Tier"
CB-12415,"Christy Brittain",1856.26,8,"Silver Tier"
JB-16045,"Julia Barnett",1841.65,3,"Silver Tier"
PR-18880,"Patrick Ryan",1840.18,5,"Silver Tier"
AJ-10945,"Ashley Jarboe",1839.24,7,"Silver Tier"
PC-18745,"Pamela Coakley",1832.06,4,"Silver Tier"
EG-13900,"Emily Grady",1832.02,5,"Silver Tier"
LR-17035,"Lisa Ryan",1831.39,5,"Silver Tier"
PJ-19015,"Pauline Johnson",1824.23,7,"Silver Tier"
NC-18625,"Noah Childs",1821.74,5,"Silver Tier"
JM-15265,"Janet Molinari",1804.15,5,"Silver Tier"
JB-15400,"Jennifer Braxton",1791.6,10,"Silver Tier"
AA-10480,"Andrew Allen",1782.87,4,"Silver Tier"
CC-12100,"Chad Cunningham",1765.23,6,"Silver Tier"
DS-13030,"Darrin Sayre",1762.21,4,"Silver Tier"
AH-10030,"Aaron Hawkins",1744.7,7,"Silver Tier"
VT-21700,"Valerie Takahito",1736.6,2,"Silver Tier"
AH-10120,"Adrian Hane",1735.51,7,"Silver Tier"
MV-18190,"Mike Vittorini",1734.57,7,"Silver Tier"
JM-15535,"Jessica Myrick",1733.44,7,"Silver Tier"
BE-11455,"Brad Eason",1727.65,6,"Silver Tier"
BW-11200,"Ben Wallace",1726.23,5,"Silver Tier"
JP-16135,"Julie Prescott",1707.71,9,"Silver Tier"
TZ-21580,"Tracy Zic",1707.29,4,"Silver Tier"
DB-13405,"Denny Blanton",1702.55,4,"Silver Tier"
BP-11155,"Becky Pak",1692.15,5,"Silver Tier"
DK-12985,"Darren Koutras",1687.04,5,"Silver Tier"
RA-19945,"Ryan Akin",1686.92,5,"Silver Tier"
CA-12055,"Cathy Armstrong",1679.72,5,"Silver Tier"
CM-11815,"Candace McMahon",1673.89,6,"Silver Tier"
LH-17155,"Logan Haushalter",1660.3,8,"Silver Tier"
CC-12475,"Cindy Chapman",1659.44,9,"Silver Tier"
JP-15460,"Jennifer Patt",1653.58,6,"Silver Tier"
CM-12115,"Chad McGuire",1643.97,3,"Silver Tier"
EB-13975,"Erica Bern",1643.26,4,"Silver Tier"
AP-10720,"Anne Pryor",1638.55,8,"Silver Tier"
KE-16420,"Katrina Edelman",1626.68,8,"Silver Tier"
AZ-10750,"Annie Zypern",1622.02,6,"Silver Tier"
MS-17710,"Maurice Satty",1613.4,6,"Silver Tier"
CR-12730,"Craig Reiter",1600.55,4,"Silver Tier"
SP-20650,"Stephanie Phelps",1598.52,8,"Silver Tier"
DE-13255,"Deanra Eno",1588.46,5,"Silver Tier"
AH-10195,"Alan Haines",1587.45,4,"Silver Tier"
BF-11215,"Benjamin Farhat",1585.16,4,"Silver Tier"
CK-12760,"Cyma Kinney",1582.11,9,"Silver Tier"
MC-18130,"Mike Caudle",1582,5,"Silver Tier"
MF-18250,"Monica Federle",1575.36,5,"Silver Tier"
JL-15175,"James Lanier",1571.52,5,"Silver Tier"
TB-21250,"Tim Brockman",1569.59,7,"Silver Tier"
KB-16315,"Karl Braun",1569.46,9,"Silver Tier"
TS-21160,"Theresa Swint",1568.24,6,"Silver Tier"
ON-18715,"Odella Nelson",1567.52,9,"Silver Tier"
MV-17485,"Mark Van Huff",1542.41,9,"Silver Tier"
BD-11620,"Brian DeCherney",1538.11,6,"Silver Tier"
CH-12070,"Cathy Hwang",1537.24,3,"Silver Tier"
BD-11725,"Bruce Degenhardt",1526.5,6,"Silver Tier"
BV-11245,"Benjamin Venier",1523.27,5,"Silver Tier"
KA-16525,"Kelly Andreada",1519.51,7,"Silver Tier"
AB-10600,"Ann Blume",1515.86,4,"Silver Tier"
JG-15805,"John Grady",1507.02,6,"Silver Tier"
QJ-19255,"Quincy Jones",1498.41,7,"Silver Tier"
ZD-21925,"Zuschuss Donatelli",1493.94,5,"Silver Tier"
DL-12865,"Dan Lawera",1490.82,7,"Silver Tier"
CM-12190,"Charlotte Melton",1475.14,6,"Silver Tier"
LE-16810,"Laurel Elliston",1469.45,6,"Silver Tier"
TB-21055,"Ted Butterfield",1467.88,5,"Silver Tier"
PN-18775,"Parhena Norris",1467.15,8,"Silver Tier"
BN-11515,"Bradley Nguyen",1459.34,5,"Silver Tier"
PB-19150,"Philip Brown",1456.95,8,"Silver Tier"
AG-10525,"Andy Gerbode",1448.94,4,"Silver Tier"
RK-19300,"Ralph Kennedy",1448,2,"Silver Tier"
DL-13315,"Delfina Latchford",1446.07,8,"Silver Tier"
PK-18910,"Paul Knutson",1441.15,2,"Silver Tier"
TD-20995,"Tamara Dahlen",1434.55,9,"Silver Tier"
JW-16075,"Julia West",1428.73,4,"Silver Tier"
MB-18085,"Mick Brown",1428.23,7,"Silver Tier"
MB-17305,"Maria Bertelson",1427.33,10,"Silver Tier"
TT-21220,"Thomas Thornton",1427.04,8,"Silver Tier"
RD-19720,"Roger Demir",1419.74,10,"Silver Tier"
NL-18310,"Nancy Lomonaco",1418.09,4,"Silver Tier"
PM-18940,"Paul MacIntyre",1405.4,3,"Silver Tier"
CA-12310,"Christine Abelman",1401.07,4,"Silver Tier"
MO-17800,"Meg O'Connel",1396.32,7,"Silver Tier"
NG-18430,"Nathan Gelder",1395.94,5,"Silver Tier"
JE-15475,"Jeremy Ellison",1388.68,6,"Silver Tier"
TB-21595,"Troy Blackwell",1387.56,5,"Silver Tier"
FG-14260,"Frank Gastineau",1383.14,7,"Silver Tier"
CR-12820,"Cyra Reiten",1380.83,3,"Silver Tier"
DM-13525,"Don Miller",1376.79,3,"Silver Tier"
GH-14485,"Gene Hale",1361.24,2,"Silver Tier"
GB-14530,"George Bell",1356.48,10,"Silver Tier"
LM-17065,"Liz MacKendrick",1346.77,5,"Silver Tier"
MG-17695,"Maureen Gnade",1342.28,3,"Silver Tier"
SJ-20215,"Sarah Jordon",1339.07,5,"Silver Tier"
BM-11785,"Bryan Mills",1335.9,9,"Silver Tier"
BF-11005,"Barry Franz",1333.88,4,"Silver Tier"
SB-20170,"Sarah Bern",1323.43,3,"Silver Tier"
DM-12955,"Dario Medina",1322.03,7,"Silver Tier"
MT-18070,"Michelle Tran",1319.45,4,"Silver Tier"
MM-17260,"Magdelene Morse",1314.02,4,"Silver Tier"
SP-20545,"Sibella Parks",1306.09,6,"Silver Tier"
EK-13795,"Eileen Kiefer",1303.48,4,"Silver Tier"
Co-12640,Corey-Lock,1300.08,5,"Silver Tier"
HR-14770,"Hallie Redmond",1299.29,5,"Silver Tier"
SS-20140,"Saphhira Shifley",1289.55,8,"Silver Tier"
GR-14560,"Georgia Rosenberg",1284.38,2,"Silver Tier"
PS-18970,"Paul Stevenson",1278.64,8,"Silver Tier"
SV-20815,"Stuart Van",1271.09,4,"Silver Tier"
CS-11845,"Cari Sayre",1267.19,5,"Silver Tier"
LW-17125,"Liz Willingham",1259.04,3,"Silver Tier"
ME-18010,"Michelle Ellison",1256.94,4,"Silver Tier"
GM-14500,"Gene McClure",1255.68,10,"Silver Tier"
SC-20680,"Steve Carroll",1254.64,6,"Silver Tier"
MH-17620,"Matt Hagelstein",1252.8,4,"Silver Tier"
ER-13855,"Elpida Rittenbach",1245.79,3,"Silver Tier"
JW-15955,"Joni Wasserman",1244.09,7,"Silver Tier"
MG-17875,"Michael Grace",1242.83,5,"Silver Tier"
NP-18685,"Nora Pelletier",1228.7,6,"Silver Tier"
PJ-18835,"Patrick Jones",1220.09,8,"Silver Tier"
EH-14005,"Erica Hernandez",1219.53,7,"Silver Tier"
JL-15130,"Jack Lebron",1214.96,6,"Silver Tier"
MD-17860,"Michael Dominguez",1204.91,5,"Silver Tier"
DW-13585,"Dorothy Wardle",1204.85,7,"Silver Tier"
DO-13435,"Denny Ordway",1197.31,8,"Silver Tier"
SJ-20500,"Shirley Jackson",1190.38,4,"Silver Tier"
EB-14170,"Evan Bailliet",1186.33,6,"Silver Tier"
JS-15595,"Jill Stevenson",1181.73,4,"Silver Tier"
BP-11230,"Benjamin Patterson",1181.49,5,"Silver Tier"
DC-13285,"Debra Catini",1174.62,5,"Silver Tier"
AT-10435,"Alyssa Tate",1171.81,6,"Silver Tier"
VM-21685,"Valerie Mitchum",1160.12,6,"Silver Tier"
JR-15670,"Jim Radford",1156.66,2,"Silver Tier"
DB-13660,"Duane Benoit",1155.2,7,"Silver Tier"
CG-12520,"Claire Gute",1148.78,3,"Silver Tier"
KC-16675,"Kimberly Carter",1146.05,4,"Silver Tier"
RD-19810,"Ross DeVincentis",1137.62,8,"Silver Tier"
CW-11905,"Carl Weiss",1136.59,6,"Silver Tier"
JS-15685,"Jim Sink",1131.06,4,"Silver Tier"
DV-13045,"Darrin Van Huff",1119.48,5,"Silver Tier"
AB-10165,"Alan Barnes",1113.84,8,"Silver Tier"
CD-12280,"Christina DeMoss",1104.18,2,"Silver Tier"
TC-21475,"Tony Chapman",1103.02,8,"Silver Tier"
CL-11890,"Carl Ludwig",1098.43,2,"Silver Tier"
TM-21490,"Tony Molinari",1094.68,3,"Silver Tier"
JO-15550,"Jesus Ocampo",1088.36,4,"Silver Tier"
JF-15490,"Jeremy Farry",1082.92,11,"Silver Tier"
DB-13360,"Dennis Bolton",1081.47,5,"Silver Tier"
DW-13195,"David Wiener",1080.75,6,"Silver Tier"
CS-12490,"Cindy Schnelling",1070.39,4,"Silver Tier"
PC-19000,"Pauline Chand",1061.49,2,"Silver Tier"
DP-13165,"David Philippe",1058.62,2,"Silver Tier"
PO-19195,"Phillina Ober",1056.86,5,"Silver Tier"
AA-10375,"Allen Armold",1056.39,9,"Silver Tier"
VS-21820,"Vivek Sundaresam",1055.98,4,"Silver Tier"
AR-10345,"Alex Russell",1055.69,4,"Silver Tier"
DH-13675,"Duane Huffman",1043.1,4,"Silver Tier"
SM-20905,"Susan MacKendrick",1043.04,1,"Silver Tier"
EM-14095,"Eudokia Martin",1041.04,4,"Silver Tier"
TC-21145,"Theresa Coyne",1038.26,1,"Silver Tier"
DP-13000,"Darren Powers",1034.19,8,"Silver Tier"
MK-18160,"Mike Kennedy",1031.6,4,"Silver Tier"
TH-21235,"Tiffany House",1022.2,8,"Silver Tier"
SW-20350,"Sean Wendt",1019.04,3,"Silver Tier"
RB-19330,"Randy Bradley",1008.2,2,"Silver Tier"
LS-17245,"Lynn Smith",1008.14,6,"Silver Tier"
BG-11740,"Bruce Geld",1006.36,6,"Silver Tier"
LS-17200,"Luke Schmidt",998.03,6,"Silver Tier"
VP-21730,"Victor Preis",993.9,3,"Silver Tier"
GA-14725,"Guy Armstrong",975.57,10,"Silver Tier"
KB-16600,"Ken Brennan",974.21,7,"Silver Tier"
DO-13645,"Doug O'Connell",972.26,6,"Silver Tier"
TS-21340,"Toby Swindell",971.73,5,"Silver Tier"
RD-19930,"Russell D'Ascenzo",970.94,4,"Silver Tier"
AB-10150,"Aimee Bixby",966.71,5,"Silver Tier"
RC-19825,"Roy Collins",966.41,6,"Silver Tier"
BP-11050,"Barry Pond",961.18,4,"Silver Tier"
JH-15910,"Jonathan Howell",959.48,7,"Silver Tier"
JF-15295,"Jason Fortune-",955.12,5,"Silver Tier"
RP-19270,"Rachel Payne",954.65,4,"Silver Tier"
BS-11800,"Bryan Spruell",949.43,2,"Silver Tier"
EB-13930,"Eric Barreto",944.6,5,"Silver Tier"
MF-17665,"Maureen Fritzler",937.04,5,"Silver Tier"
EM-13960,"Eric Murdock",933.7,5,"Silver Tier"
MC-17575,"Matt Collins",925.56,7,"Silver Tier"
SW-20245,"Scot Wooten",925.2,6,"Silver Tier"
MO-17500,"Mary O'Rourke",922.49,4,"Silver Tier"
RF-19840,"Roy Franzosisch",915.66,8,"Silver Tier"
EH-14185,"Evan Henry",910.19,6,"Silver Tier"
KB-16405,"Katrina Bavinger",908.82,3,"Silver Tier"
SC-20575,"Sonia Cooley",902.73,5,"Silver Tier"
JB-15925,"Joni Blumstein",900.55,3,"Silver Tier"
AB-10255,"Alejandro Ballentine",898.08,9,"Silver Tier"
AC-10420,"Alyssa Crouse",891.56,3,"Silver Tier"
HZ-14950,"Henia Zydlo",886.52,5,"Silver Tier"
AB-10015,"Aaron Bergman",886.16,3,"Silver Tier"
CS-12130,"Chad Sievert",884.64,4,"Silver Tier"
HE-14800,"Harold Engle",883.53,4,"Silver Tier"
SK-19990,"Sally Knutson",883.41,3,"Silver Tier"
SS-20875,"Sung Shariari",883.22,5,"Silver Tier"
JM-15655,"Jim Mitchum",864.95,5,"Silver Tier"
JR-15700,"Jocasta Rupert",863.88,1,"Silver Tier"
AF-10885,"Art Foster",861.56,4,"Silver Tier"
JC-15385,"Jenna Caffey",859.65,1,"Silver Tier"
JC-16105,"Julie Creighton",858.58,5,"Silver Tier"
MS-17980,"Michael Stewart",855.12,6,"Silver Tier"
RC-19960,"Ryan Crowe",850.19,6,"Silver Tier"
CG-12040,"Catherine Glotzbach",847.65,5,"Silver Tier"
CS-12175,"Charles Sheldon",844.46,5,"Silver Tier"
AS-10630,"Ann Steele",833.4,7,"Silver Tier"
TB-21355,"Todd Boyes",822.14,5,"Silver Tier"
VF-21715,"Vicky Freymann",819.78,4,"Silver Tier"
RM-19375,"Raymond Messe",816.29,5,"Silver Tier"
TB-21190,"Thomas Brumley",816.17,4,"Silver Tier"
RE-19450,"Richard Eichhorn",815.15,5,"Silver Tier"
AM-10360,"Alice McCarthy",814.01,5,"Silver Tier"
BM-11575,"Brendan Murry",808.16,6,"Silver Tier"
DK-13150,"David Kendrick",797.83,2,"Silver Tier"
MC-17635,"Matthew Clasen",795.15,4,"Silver Tier"
BF-11275,"Beth Fritzler",791.99,3,"Silver Tier"
HG-14845,"Harry Greene",785.63,5,"Silver Tier"
EH-13990,"Erica Hackney",780.27,6,"Silver Tier"
MG-17890,"Michael Granlund",776.38,9,"Silver Tier"
MM-18280,"Muhammed MacIntyre",775.41,9,"Silver Tier"
SF-20065,"Sandra Flanagan",763.55,7,"Silver Tier"
SW-20755,"Steven Ward",758.7,2,"Silver Tier"
LP-17080,"Liz Pelletier",756.61,4,"Silver Tier"
Dl-13600,"Dorris liebe",755.6,5,"Silver Tier"
IG-15085,"Ivan Gibson",744.57,4,"Silver Tier"
RH-19555,"Ritsa Hightower",740.38,2,"Silver Tier"
AH-10585,"Angele Hood",738.5,4,"Silver Tier"
HM-14980,"Henry MacAllister",736.28,4,"Silver Tier"
BB-10990,"Barry Blumstein",735.52,5,"Silver Tier"
PH-18790,"Patricia Hirasaki",729.65,1,"Silver Tier"
PA-19060,"Pete Armstrong",729.41,6,"Silver Tier"
JJ-15445,"Jennifer Jackson",709.18,5,"Silver Tier"
JD-16060,"Julia Dunbar",695.44,3,"Silver Tier"
VG-21790,"Vivek Gonzalez",694.29,5,"Silver Tier"
TC-21535,"Tracy Collins",692.52,6,"Silver Tier"
PB-19105,"Peter Buhler",688.32,4,"Silver Tier"
EH-13945,"Eric Hoffmann",684.17,8,"Silver Tier"
ML-18040,"Michelle Lonsdale",681.24,2,"Silver Tier"
PB-18805,"Patrick Bzostek",668.76,3,"Silver Tier"
AG-10330,"Alex Grayson",660.97,5,"Silver Tier"
BK-11260,"Berenike Kampe",659.14,6,"Silver Tier"
BD-11770,"Bryan Davis",658.47,6,"Silver Tier"
AC-10660,"Anna Chung",657.32,5,"Silver Tier"
AW-10840,"Anthony Witt",649.38,4,"Silver Tier"
TR-21325,"Toby Ritter",645.07,5,"Silver Tier"
LO-17170,"Lori Olson",644.35,5,"Silver Tier"
JB-16000,"Joy Bell-",644.12,7,"Silver Tier"
MR-17545,"Mathew Reese",639.18,4,"Silver Tier"
AJ-10960,"Astrea Jones",629.25,3,"Silver Tier"
RR-19315,"Ralph Ritter",615.93,2,"Silver Tier"
CD-11980,"Carol Darley",614.98,2,"Silver Tier"
SS-20515,"Shirley Schmidt",613.4,3,"Silver Tier"
BT-11440,"Bobby Trafton",603.88,4,"Silver Tier"
BF-10975,"Barbara Fisher",585.81,7,"Silver Tier"
DL-13330,"Denise Leinenbach",585.02,4,"Silver Tier"
BD-11635,"Brian Derr",582.65,3,"Silver Tier"
AS-10240,"Alan Shonely",574.24,6,"Silver Tier"
NK-18490,"Neil Knudson",572.05,7,"Silver Tier"
CM-11935,"Carlos Meador",565.39,2,"Silver Tier"
CS-12460,"Chuck Sachs",550.64,2,"Silver Tier"
CS-11860,"Cari Schnelling",537.63,6,"Silver Tier"
JH-15820,"John Huston",528.91,6,"Silver Tier"
AY-10555,"Andy Yotov",497.01,4,"Silver Tier"
RB-19570,"Rob Beeghly",476.8,4,"Silver Tier"
CR-12625,"Corey Roper",475.9,3,"Silver Tier"
MS-17530,"MaryBeth Skach",475.66,4,"Silver Tier"
JS-15940,"Joni Sundaresam",469.17,5,"Silver Tier"
EC-14050,"Erin Creighton",461.91,5,"Silver Tier"
KM-16660,"Khloe Miller",453.54,5,"Silver Tier"
TT-21265,"Tim Taslimi",439.5,3,"Silver Tier"
ST-20530,"Shui Tom",433.34,7,"Silver Tier"
VG-21805,"Vivek Grady",427.37,5,"Silver Tier"
MZ-17335,"Maria Zettner",424.04,4,"Silver Tier"
SS-20590,"Sonia Sunley",418.49,6,"Silver Tier"
BT-11485,"Brad Thomas",415.2,2,"Silver Tier"
JD-16015,"Joy Daniels",385.43,6,"Silver Tier"
JK-15325,"Jason Klamczynski",383.81,3,"Silver Tier"
VM-21835,"Vivian Mathis",380.69,5,"Silver Tier"
NF-18475,"Neil Franzosisch",377.16,4,"Silver Tier"
MS-17830,"Melanie Seite",370.35,4,"Silver Tier"
LS-17230,"Lycoris Saunders",368.88,3,"Silver Tier"
EM-14200,"Evan Minnotte",366.82,3,"Silver Tier"
MH-17440,"Mark Haberlin",358.15,4,"Silver Tier"
HJ-14875,"Heather Jas",358.1,5,"Silver Tier"
AG-10300,"Aleksandra Gannaway",349.26,4,"Silver Tier"
DW-13540,"Don Weiss",344.08,5,"Silver Tier"
BD-11560,"Brendan Dodson",320.54,2,"Silver Tier"
LH-17020,"Lisa Hazard",318.24,4,"Silver Tier"
JM-15580,"Jill Matthias",303.95,5,"Silver Tier"
CM-12445,"Chuck Magee",287.99,3,"Silver Tier"
LH-16750,"Larry Hughes",287.43,3,"Silver Tier"
SC-20845,"Sung Chung",280.63,2,"Silver Tier"
SC-20800,"Stuart Calhoun",279.26,4,"Silver Tier"
JH-15430,"Jennifer Halladay",276.38,4,"Silver Tier"
NB-18580,"Nicole Brennan",273.87,2,"Silver Tier"
BF-11080,"Bart Folk",272.95,3,"Silver Tier"
DD-13570,"Dorothy Dickinson",269.54,6,"Silver Tier"
BN-11470,"Brad Norvell",265.3,4,"Silver Tier"
AR-10510,"Andrew Roberts",264.86,5,"Silver Tier"
LT-16765,"Larry Tron",255.52,2,"Silver Tier"
HD-14785,"Harold Dahlen",251.36,3,"Silver Tier"
PL-18925,"Paul Lucas",239.48,5,"Silver Tier"
KW-16570,"Kelly Williams",236.16,4,"Silver Tier"
SM-20005,"Sally Matthias",233.13,4,"Silver Tier"
EM-14065,"Erin Mull",228.99,4,"Silver Tier"
GT-14755,"Guy Thornton",226.44,4,"Silver Tier"
GP-14740,"Guy Phonely",221.8,2,"Silver Tier"
RB-19645,"Robert Barroso",221.08,5,"Silver Tier"
AG-10390,"Allen Goldenen",200.94,5,"Silver Tier"
JJ-15760,"Joel Jenkins",195,2,"Silver Tier"
HH-15010,"Hilary Holden",188.11,2,"Silver Tier"
ML-18265,"Muhammed Lee",162.23,2,"Silver Tier"
AO-10810,"Anthony O'Donnell",161.28,1,"Silver Tier"
MO-17950,"Michael Oakman",154.29,2,"Silver Tier"
PT-19090,"Pete Takahito",153.9,4,"Silver Tier"
GH-14665,"Greg Hansen",146.94,2,"Silver Tier"
AG-10765,"Anthony Garverick",137.3,3,"Silver Tier"
PB-19210,"Phillip Breyer",132.74,2,"Silver Tier"
BO-11425,"Bobby Odegard",130.83,2,"Silver Tier"
EL-13735,"Ed Ludwig",124.28,2,"Silver Tier"
DA-13450,"Dianna Arnett",123.86,4,"Silver Tier"
CC-12550,"Clay Cheatham",113.83,3,"Silver Tier"
RM-19750,"Roland Murray",98.35,1,"Silver Tier"
KS-16300,"Karen Seio",88.47,3,"Silver Tier"
AR-10570,"Anemone Ratner",88.15,1,"Silver Tier"
FW-14395,"Fred Wasserman",79.75,3,"Silver Tier"
JC-15340,"Jasper Cacioppo",67.34,3,"Silver Tier"
BW-11065,"Barry Weirich",60.77,2,"Silver Tier"
AS-10135,"Adrian Shami",58.82,2,"Silver Tier"
LB-16735,"Larry Blacks",50.19,3,"Silver Tier"
RE-19405,"Ricardo Emerson",48.36,1,"Silver Tier"
SG-20890,"Susan Gilcrest",41.07,3,"Silver Tier"
RS-19870,"Roy Skaria",22.33,2,"Silver Tier"
CJ-11875,"Carl Jackson",16.52,1,"Silver Tier"
MG-18205,"Mitch Gastineau",12.32,1,"Silver Tier"
LD-16855,"Lela Donovan",5.3,1,"Silver Tier"
TS-21085,"Thais Sissman",4.83,2,"Silver Tier"
